App Name,Package Name,App MD5,Size,App Market
包红,cn.baohong.app,463a6a371b154d942f5f2c8a1b56ebfd,128.0M,Tencent
手淘优惠券,cn.booc.jrsh001,6b5aab0bc18d2082fc2b8027a6d585f4,55.6M,Tencent
国金佣金宝,cn.com.gjzq.yjb2,d09c365252d5396e0f53444892c05477,163.9M,Tencent
返赞,cn.fangchan.fanzan,8552af6b5a1d0cf334e2df7a19cfcfe2,51.1M,Tencent
淘拼拼,cn.haoshengwang.cn,22f224e561efe3a219c47b34fd8269eb,51.3M,Tencent
走路赚点钱,cn.huiqing.walkday,55f0092d5567153fa64199f86088f00e,45.0M,Tencent
葱花视频,cn.youth.flowervideo,cd8dc8e753022d5c46f5fbd6673b9975,59.9M,Tencent
中青看点,cn.youth.news,8b8c1f408a872112bba5f3f26374bcf5,60.6M,Tencent
内部券,com.a360tuan.q,7a0bf543e501e1d00cdb8f200f184614,51.3M,Tencent
抢红包猎器,com.aaron.grabredpacket,f9c4bcec799ccf1afbfab4256325f2a4,30.3M,Tencent
唯品会,com.achievo.vipshop,095a5fd3cfcaac9134d44bf31b3cf3fe,81.0M,Tencent
安卓自动点击器Pro,com.adinall.autoclick,87d3e62a8f84fed872be93cf71d41ff6,14.2M,Tencent
哆来米,com.app.duolaimi,91884312e86827df445c848cd113f612,161.2M,Tencent
趣玩盒子,com.app.quwanba,10a079721a505b1176991d795d0dafd3,40.8M,Tencent
抖山短视频,com.ay.shakemountain,b48b384a15b00ff65c9aa5ea716b2f3e,40.6M,Tencent
客官再来商户版,com.backagain.zdb.backagainmerchant,aca84430e1af21da916a24f7c4d46648,42.4M,Tencent
好看视频极速版,com.baidu.hkvideo,315ec25373a2e056c6d4608bd62d97be,38.4M,Tencent
度小视,com.baidu.minivideo,0131a78e1aaaedf4932f667c792c0e18,77.4M,Tencent
百度极速版,com.baidu.searchbox.lite,30914d9548dd9814461358b2da2f2ea3,36.4M,Tencent
比比宝,com.bbbao.shop.client.android.activity,564f8a7923371a6bf06b6d1d40dd98e3,36.0M,Tencent
快钱刷,com.bill99.kuaiqian,c5e40b3147ecf48ec1256adf35e6ecd7,30.5M,Tencent
红包来了,com.bx.hbll,a4bfdc75d1827cfc60c42a9b2a300075,35.2M,Tencent
友刷,com.cardinfo.qpay,0539f777f5b7fea8bb703efec62eb81e,48.6M,Tencent
惠头条,com.cashtoutiao,0f6791bd52cd98f57a4d21c6e3e5f55b,59.2M,Tencent
惠运动,com.cashwalk,dd996f090d1ee6c83026dded3884409c,45.7M,Tencent
趣红包短视频版,com.chenglie.qhbvideo,a7b7a354c1c02becd5aac70422c51e16,43.5M,Tencent
辣椒短视频,com.chilliv.shortvideo,40677e00a02a88aba5e0f6332a569cf1,43.9M,Tencent
悬赏帮极速版,com.chumeng.xsbjsb,c41154964c764977e042de9feec372b3,14.9M,Tencent
趣看极速版,com.clingandroid.server.ctschubb,1de7ee64b406a4cd993fabd0609bab59,39.1M,Tencent
人人抖赚钱,com.cliped.douzhuan,ec9a32282d278ba07b571d57130a7b02,18.2M,Tencent
抢派,com.cobpai.v2,64f1962f2da5a35f617e90f4604bfa33,49.0M,Tencent
爆米花视频,com.com.baomihuawang.androidclient,03a2f5bad11cd25eb41b4c220b9604e7,60.2M,Tencent
优惠券省钱特价,com.ddyhq.youhuiquan,1177462cf7a954f133ca5fc03c54a2e9,14.9M,Tencent
畅看短视频,com.deerplay.joyfulvideo,218079ae1c39de8deb94695951581618,43.7M,Tencent
畅看极速版,com.deerplay.newjoyfulvideo,b0285bd94b634b68146bf5b346ee0339,52.0M,Tencent
爱淘金,com.dfg.dftb,ee814a8c383204e08964a906e899fa8c,41.0M,Tencent
大众点评,com.dianping.v1,8f4d516d3f6f0fd55e6d7509d02eed63,82.5M,Tencent
砍价红包,com.duoduohongb.ddhb,a8e7e0f9bf422a95b89f690a664fea22,56.9M,Tencent
支付宝,com.eg.android.AlipayGphone,bd626562e5ce0318b5a9f96054824ce2,115.6M,Tencent
返现特价版,com.fanlitejiaban,a530bff9d27dd01bc97badcf964eefd6,42.6M,Tencent
818红包,com.fanqian.android,c767b436ee7e65093c2e19380a1a4372,28.3M,Tencent
即哩,com.finance.geexwin.superglife,2be0d7e6d59e20432de6adf1a91f646a,48.7M,Tencent
种草生活,com.flash.zhongcao,bfbcec9a9d37eef86433483d3b324400,27.3M,Tencent
赚生活,com.fqapp.zsh,b02730d8e0281386aa2f1cbbddd2e505,36.9M,Tencent
福袋生活,com.fqapps.fdsh,60ae16cd88aa8836216ac830ec7845f2,71.4M,Tencent
高佣金联盟,com.gaoyongjinapp.net,30f711c962ab551e051c91e9c07d6513,61.6M,Tencent
淘客宝,com.gaoyongkelianmeng,a5ef2902a0a4e2d376b0e7a6b063f561,41.4M,Tencent
猜歌红包极速版,com.gs.guesssong,04d78a9f951ef7d38affc409fcdac64c,17.9M,Tencent
开心花园,com.gy.kxhy2,0e9d2a4fa61b1b93c5766db4c2b0119c,74.0M,Tencent
美赚,com.h78698471.qyt,758e8cf8dfc41dcde08617a44f27cb71,15.6M,Tencent
山海有异兽,com.hainansd.shyys,d4ba9299c8f097bc5899ca1aa07bd404,79.7M,Tencent
好券捕手,com.haoquanbushou,5398c4bea55e5774280e43bdfb19a750,47.4M,Tencent
打字赚钱,com.hdx.dzzq,53b9dc836a9ae041cf148bd1840f763d,12.4M,Tencent
快闪刷,com.hhbpay.ksspos,fb3e1e3fa0245e24d01b54d3d2298c0c,19.2M,Tencent
红人装极速版,com.hrz.quick,5b0f2b370b89dec4a404dde88c312b27,56.1M,Tencent
灰兔赚钱,com.htzq.bf,181d74c490ede140ea460afccca51dee,70.9M,Tencent
HUAWEI Wallet,com.huawei.wallet,737b907fe24729cfb68674507783c078,114.4M,Tencent
花赚,com.huazhuan.app,d5a38947562d15922366650ed736e0e5,54.8M,Tencent
爱调研,com.idiaoyan.app,ad5be726fcd5be7a071f22a1bd795297,38.8M,Tencent
爱e付,com.ielpm.wallet,3a41007d527ed15096fa9d556ade9c0d,25.4M,Tencent
派派,com.ifreetalk.ftalk,df74bf5f0879173cb7e22ff4359dfd4b,97.5M,Tencent
十堰头条,com.im.zhsy,24e33642399c447e0977573081f8369b,16.1M,Tencent
京喜特价,com.jd.jdlite,936d0640f2ef79f9eca7885027b0f43f,20.8M,Tencent
京喜,com.jd.pingou,61e02240ca3059036edd817cf7d1e630,48.3M,Tencent
集多猫,com.jiduomao.jdm,ca2b326a01540f262f1e1e166a018b36,5.7M,Tencent
躺赚成语接龙,com.jielong.idiomwords,d3d2fb4f6c6558889f7e98e5e1b7dfd8,35.3M,Tencent
趣头条,com.jifen.qukan,b1b3d018f9a0bd41c0e758820a564f25,48.4M,Tencent
京东,com.jingdong.app.mall,2daae0537e23766d799ea3812beaf005,132.4M,Tencent
躺刷短视频,com.jinqushuas.tsdsp,0d4fbced5c0b70fa9dac304c2231bce7,18.6M,Tencent
火火视频极速版,com.jt.hanhan.video,20ef92103f7ed1c0f665a7766782a4ba,20.3M,Tencent
掘金宝,com.juejinchain.android,97d410549fe7abad74984ffa197cb36b,69.9M,Tencent
爱看极速版,com.jungle.aikanjisu,6838e235c7d6d27d8add5de6f31c6fc1,40.9M,Tencent
省钱快报,com.jzyd.coupon,5f46becf7307290b262f2e7d229c02d7,62.0M,Tencent
优惠快报,com.kingkr.kwlynvi,c8c5f33cff2195232046b80881566794,45.4M,Tencent
快快抢,com.kkqiang,9468f61e6781d791ca4e64bb31524f34,25.0M,Tencent
快领红包短视频,com.kling.hbao,5196ee071b2b8b869afbaf3bc46ef13b,37.1M,Tencent
先锋答人,com.kme.android.xfdr,e5ca9421dc3267e8d5511bea3b51ced9,38.0M,Tencent
七猫免费小说,com.kmxs.reader,c23897bdb6b56a5421baeebf0126a49e,44.5M,Tencent
快手极速版,com.kuaishou.nebula,74e1a6e4773d79078a2dde5e6e892261,52.2M,Tencent
KwaiFluent,com.kwai.thanos,8e069e6c1b18c9604b340f05e8c06f97,93.9M,Tencent
极速红包管家,com.ldd.redenvelope,831edb5952f8406016a8ea1350a26ef2,33.7M,Tencent
米读极速版,com.lechuan.mdwz,8529687fad98785793a775ff970d138a,36.5M,Tencent
乐活,com.lehuoapp.mm,6a62c0e20556504b60221ee52ce4a6e7,53.0M,Tencent
淘粉吧-省钱返利,com.leixun.taofen8,089416bcc202a0b1abd948d20cf793cf,85.1M,Tencent
乐见极速版,com.letv.shortvideo.android,7b94e43ff52f6ff9a8a946040008866c,70.3M,Tencent
白菜优惠券,com.lf.coupon,b299a62d065777f4d8a2f2d6b4aa16ed,30.8M,Tencent
红包助手,com.lingfeng.hongbaotools,893f56dd57f85b7faa061e826bd71799,24.2M,Tencent
赚优优,com.ljhdata.lydatas,4e590c22113dbd82429f72d1b3b21232,62.9M,Tencent
天下有约,com.ljhdata.txyy,c32fa822350940b0a07537c3c5fd80ba,75.9M,Tencent
龙券网优惠券,com.looxiang.quan,3bf925487e63c766a03f32201c0c7dcf,28.6M,Tencent
极象赚钱,com.lywx.yjjd.xqdy,fc6e82e89ff6c3921d97cad3569d3d0a,71.3M,Tencent
淘最热点,com.maihan.tredian,2e8ff320dea2d597b5ab03b3eeae6939,22.9M,Tencent
千千淘,com.mazai.qqt,5e03b28717d2115eeba6ad774b2dcf73,17.2M,Tencent
盲多多,com.mdd.weiju,c0bed3b13617ceeac45aa05ffa6df7c6,28.3M,Tencent
美团极速版,com.meituan.turbo,54790eb775657f5afb5667b5cee16ec7,9.2M,Tencent
墨迹天气极速版,com.moji.mjweather.light,c29ee62d19ba70b2e0bc26835192fd3b,58.4M,Tencent
薅羊毛,com.my.haoyangmao,4ed8bad02fd0899bd40c18e27c8b5870,33.5M,Tencent
省钱app,com.my.shengqian,81753c30c85d3f81f579ea6522b202cf,32.7M,Tencent
来看点,com.net.lkd,f425ecf4eb15b245328724cdd2987105,7.6M,Tencent
朵淘,com.nightwalker.dotao,033ec7371f6913e506d46c8cfdffe76b,53.9M,Tencent
Ninefun,com.ninefun.yhg,973176e0f65d76db1e29cf71c239dcc9,27.1M,Tencent
购火火,com.niuzanzan,ea1318107bb9604a38b8b197d9b8f3de,79.7M,Tencent
成语财神爷,com.phrase.wealth,93e272a5273fbcfdf7295cb98807949e,36.6M,Tencent
零点跑步,com.profit.run.much,a2e43973f04b9702854a012f16ce6725,29.8M,Tencent
睡觉宝,com.qinlian.sleeptreasure,9074182c5c7340c8a711cae65b1e3b87,35.5M,Tencent
爱奇艺极速版,com.qiyi.video.lite,d2b0e0a0924912bb4ca83827abdd640a,41.1M,Tencent
QQ阅读,com.qq.reader,4beb6ece506f81ce18fcf6c3ccd4e5c2,29.4M,Tencent
千千达人,com.qqzby.anchor,9b1c93e2994cdebc6e6e423704be0366,52.2M,Tencent
步多多,com.qsmy.walkmonkey,1504cac7044ec8aa0c008073aba6f490,48.7M,Tencent
乐趣喜刷,com.quliang.video,c441c7878ce376c5c59fd32850184bc8,47.7M,Tencent
省钱花,com.qxtx.shengqianhua,699c01355ab7c58e62025d1ccc845098,35.1M,Tencent
聚宝,com.rm2020.jubao,a704a54a4402b83fdfcc3f0d2d45b378,102.9M,Tencent
Meituan,com.sankuai.meituan,5f1636105441fa87bfd13ec6de21699c,78.2M,Tencent
美团外卖,com.sankuai.meituan.takeoutnew,afb54a50891985125ca360d4fd8afe9a,96.0M,Tencent
红包视频,com.sanmiao.sound,602a6d6199a7ba62db78dba5681be2c1,37.3M,Tencent
山猪短视频,com.shanzhu.shortvideo,1805c0fc184083d63388fefc078c3b33,51.9M,Tencent
实惠宝,com.shihuijiashj.app,4c7870d9251e02cba4b91fe1aadfa134,65.3M,Tencent
爱零工,com.slicejobs.ailinggong,1ddb5c1c47c11c6d45d5be20dd4a50e4,82.6M,Tencent
树懒悬赏,com.slsm.kebike,ca833c8fc54c6cf5b0032fd3a9b3af01,71.0M,Tencent
每日红包,com.smile.dayvideo,c2a55cf656ef089231243dfadaf7b252,37.4M,Tencent
Kuaishou,com.smile.gifmaker,92140b7efdae5e37359b31ab09f6a059,94.4M,Tencent
搜狗免费小说极速版,com.sogou.reader.free,39da8b920c2c1594e5e7f899a076703c,52.1M,Tencent
搜狐资讯,com.sohu.infonews,1a31049fcbfe8bbbc4deea1d3f6441d4,52.8M,Tencent
赚钱联盟,com.songguoyhqw,0901a7c1dadbffc9033308f42631a94b,46.2M,Tencent
东方头条,com.songheng.eastnews,6807b27876bc5aed54386a62dde3bc8c,28.3M,Tencent
惊喜生活,com.splife.android,89e7cfac4385cbef3342decd0e2c1ec8,58.2M,Tencent
步步赚,com.sport.bbz,2304f9f6aee30754be3575ce9f462c3b,28.3M,Tencent
省钱管家,com.sqgj,75f8854b68ea8447139febf470416860,50.0M,Tencent
今日头条极速版,com.ss.android.article.lite,069756e99d1b2e496f381db16801aa52,37.9M,Tencent
抖音极速版,com.ss.android.ugc.aweme.lite,31555e9c5a07260ed40606028326d56a,91.8M,Tencent
速牛省购,com.suniu.shop,62fbe66eb29b3e35bd18dafd66ab4bb9,28.9M,Tencent
淘皮,com.sw.app39,b3dac807a4cb748eb00c4040b84c5b8d,29.6M,Tencent
点点聚,com.sz.slh.ddj,e89dc7d062da7b65dba72d8e328ae4d8,16.3M,Tencent
真优惠,com.taobamai.zhenyouhui,2265b428a52806be1902a33c13f26e0d,20.3M,Tencent
一淘,com.taobao.etao,b17b91b5641e0cb67f14612892d0ba45,58.9M,Tencent
淘宝,com.taobao.taobao,56a128fe4aae083791d171d3f8c2b988,107.6M,Tencent
淘多多,com.taoduodouddt.app,4c678919a6b8b35c7c9515e5e97ce6d3,98.7M,Tencent
51省钱购,com.teddy.migou,cbef8e7183277446bfe4d9cd296567eb,44.3M,Tencent
特价,com.tejia.lijin,5df1701116a2ceb40843af262060d2c8,28.1M,Tencent
水果消除动森会,com.tencent.tmgp.sgxc,0c53081d4475304ceef5fddd9003e911,48.7M,Tencent
真人天天斗地主,com.tencent.tmgp.ykdqddz,d93f1e8f883f1274749c8f6dafab6cd7,167.7M,Tencent
微视,com.tencent.weishi,a48ace012df034f45b32e0c4ca0b2411,69.0M,Tencent
同城红包群,com.together.idiomcirle,390e9fb7cad90597549e7ef225c938a4,58.0M,Tencent
趣拼吧,com.top.qupin,a9e8d85cea2c73ffc15da8d243ca8ce3,36.0M,Tencent
UC浏览器极速版,com.ucmobile.lite,207e9d8e84d96ff84e4515177c4ba126,26.3M,Tencent
芝麻视频,com.unspaces.sesame,21fe19eaa6420cfa1e8b9cea647e8852,56.0M,Tencent
芝麻极速版,com.unspaces.sesamelite,1f146fd643967589dead67d170e8faa7,33.7M,Tencent
赚点,com.viewstap.zhuandian,7fde00057836fa3f5a1a079b32b95d7e,33.0M,Tencent
秘乐,com.w1241710632.onw,367c71eb4ed440b4a2fc384df2ebf83d,44.7M,Tencent
外卖红包,com.waimai.hb,45f7f14592c87d829777f52d6fe0987b,24.1M,Tencent
微步短视频,com.weibu18.wbvideo,2e53b4f59c058b96d692ce49eb8e3042,76.9M,Tencent
微指,com.weizhi.red,78f70289a47ab0075ee0a1b2d259140c,52.9M,Tencent
问答短视频,com.wenda.video,3e5babf7f45a4b982ce4956e21aa24fd,47.7M,Tencent
幸福猫舍,com.wj.xfms,5d9dd72e0110b54897eeba49f0fead9f,68.4M,Tencent
兼客兼职,com.wodan.xianshijian,516d57a4fd70cfe2dcf80c07624a0938,65.1M,Tencent
步步挣,com.ww.bubuzheng,f137bc767783679eff09763d505ee916,37.4M,Tencent
小矮马庄园-喜得红包,com.xamzy.lr,14cd31feb32a575808548dd4fabc28f2,92.4M,Tencent
醒购,com.xgbuy.xg,c12b9aa2380b98c86b5a5e6a3d0f8b00,41.1M,Tencent
喵钱罐,com.xiangchen.miaoqianguan,c8318d0fa8bbb4a721fb27bf32a7acfe,36.7M,Tencent
西果刷刷乐,com.xiguobangzhuan.app,2f8d98c90f19986a4382748915e5c3d2,34.0M,Tencent
实惠喵,com.xihu.shihuimiao,26da1778b8dd19e5b387ac94d7ae3d02,34.1M,Tencent
Ximalaya Lite,com.ximalaya.ting.lite,3bd5af7abe75df1b5c7d13eb5f25da89,33.2M,Tencent
幸福生活,com.xingfushenghuofx.app,5611a7d62b1b28a6654fe7e44310036f,68.3M,Tencent
小红书,com.xingin.xhs,e5f3c1e0d04f3dd2245e5a833402d445,152M,Tencent
每日饭粒,com.xingti.tao_ke,b38bda9007c6e0539f8dfebcec1c28b3,39.5M,Tencent
每日猜成语,com.xlm.mrccy,40ae7bf463ed757ce7f79ba9a58edcf0,40.1M,Tencent
如意充电红包版,com.xmiles.wishescharging,ad4b76dada6ead036018ed4c139d4ef7,44.3M,Tencent
番茄畅听,com.xs.fm,23f77d7bb950ee42340784d63224ce2d,46.4M,Tencent
拼多多,com.xunmeng.pinduoduo,8ac4a1782117c6ccd04301c9fe9a4b6c,35.1M,Tencent
每日红包短视频,com.xy.intact,63d92933acc435b61257a7735ae9224d,36.1M,Tencent
要的,com.yaode,80c0c27c158481bec5c26326c8dd28a4,136.3M,Tencent
辣椒极速版,com.yaojiu.lajiao,269651edcef9b2007ab7d7789c72c95d,43.7M,Tencent
欢乐红包,com.yhfwork.RedEnvelope,a7765c15eb701b1dc2219a5e6581e054,31.7M,Tencent
赚钱帮手,com.yichen.moneyhelper,0a34dfd12ef7cafccb9d5d99586c9599,25.5M,Tencent
亿优惠,com.yiyouhui.uni,52ed7af3fc579fab7eaf189c053d1259,40.2M,Tencent
赚钱多多,com.youchen.mhzqdd,c8d039dbab4f21cf6be3c85b36f129d8,21.6M,Tencent
随心赚,com.young.survey,82235c2cf27a5de9d9322b7fdd0e2481,21.2M,Tencent
优省,com.yousheng.app,b190a6f5df2b347a867c51b3b6c1fe9b,54.8M,Tencent
有赞客,com.youzan.mobile.youzanke,9d5158c236291c639e0f946ae5df1364,19.9M,Tencent
随时购,com.yuedao.ssshop,3d3dd8e3d69432b159a5993ea2d2196c,21.1M,Tencent
悦动圈,com.yuedong.sport,a703bfca39f3cd291613463a547a0ffa,290.5M,Tencent
快看点,com.yuncheapp.android.pearl,318a274a951c9278020b2df7ebe77507,42.9M,Tencent
开心消星星,com.yx.kxxxx2,ac8acb117e00a5a910295ee52fb5f3a7,65.9M,Tencent
我是农场主红包版,com.yx.wsncz2,4f551e6b6fa7fa10b2fb37e3cbff54f3,68.1M,Tencent
钱小多,com.zhifeng.qianxiaoduo,0534bc3cc80e69b12291c814bd349295,10.8M,Tencent
赚赚联盟,com.zhuanzhuanlianm.app,a2173998775bdfcd2f002774fb974783,54.8M,Tencent
赚金街,com.zuanjinjiefl,c35f39c4a6f881a7bed6295aa2271f51,47.9M,Tencent
饿了么,me.ele,a36ab41efcdf850fb7b9725bf77140fd,59.0M,Tencent
米赚,me.shop.fanli.miz,90a58a56985da25c573ccba70065a159,25.4M,Tencent
百色看点,net.duohuo.magapp.bsks,962a3533388ada8e509584f23c037b09,59.2M,Tencent
疯狂的汉字,net.tanggua.afkdhz2,9b3e893f748dc9e921fd03af582c2654,38.9M,Tencent
搜狗浏览器极速版,sogou.mobile.explorer,9d05a9b90111291d1b8c0325840a0733,93.9M,Tencent
燃旅视频,uni.UNIFE3A1EF,da55055b44d0a44fde8b48fe325f5916,101.5M,Tencent
惠赚日记,vip.yunjk.yan,e7566ee9caadafb00d83bcb4c365fde0,43.2M,Tencent
赚赚侠,z.mbpro.app,3e60a64b8d6cfc0bb3d9ce58972e01ec,41.3M,Tencent
海客视频,ai.botbrain.haike,459e7c98f66e82179c5424eebec7a999,79.9M,Anzhi
佛经,aofo.fj,1e9900f94f0e86159b46777976b51513,61.0M,Anzhi
华唐e商,cn.aurora.htdz,93375e4f0bbb7b28f509b6991f568351,43.9M,Anzhi
包小省,cn.baoxiaosheng.mobile,59f799235533b150954f0affc4a06ca8,36.8M,Anzhi
微约日历,cn.com.vxia.vxia,78c09ca4e7ecdefb705bde0860b8f4fb,73.3M,Anzhi
大麦,cn.damai,b4060684c45c1de4a5f92c301938b2f0,66.0M,Anzhi
东方新闻,cn.eastnews.toutiao,aeb05bc2cc17ec6e05218ae485ad4eb5,55.2M,Anzhi
猫爪,cn.enruscience.catclaw,3554d49ecc04cde57504b5b08e51af4e,21.9M,Anzhi
万年历日历,cn.etouch.ecalendar.life,4e585ae10e5810aa1efb2624d6d96e32,24.4M,Anzhi
布卡漫画,cn.ibuka.manga.ui,11629e77a4aea141c05bedcab77ffcf1,13.3M,Anzhi
集金号,cn.jijinhao.td.android,0f6e024f26972bd4363fb6752a4d8bf4,35.0M,Anzhi
懒人极速版,cn.kuwo.tingshu.lite,cbbad5566cfcd5d5b651dc90eaac16ad,30.5M,Anzhi
网速管家,cn.lezhi.speedtest,cac1f24dd21da5ee01ab0cc36d73d796,23.4M,Anzhi
微鲤畅聊版-赚零花,cn.tech.weili.kankan,738ae8a8319fa25e5b35d449b6062f36,30.6M,Anzhi
微鲤看看-领现金,cn.weli.story,55caa4753e4b5becf50b00b547bc48d6,30.9M,Anzhi
涵月阅读,cn.wmbt.hanyue,e70f8411b825c654e1c73a8f8bf1c8bf,48.6M,Anzhi
新橙社,cn.xcfamily.community,c834ceaf848f088d4a951b9b42b55eb5,50.9M,Anzhi
唯品会,com.achievo.vipshop,095a5fd3cfcaac9134d44bf31b3cf3fe,81.0M,Anzhi
56视频,com.Android56,09e3c5c7eac83da7ef663a701ebaebd9,45.2M,Anzhi
亚太日报,com.apdnews,ec0133b7ffd29dd0df906b628b86d72c,16.4M,Anzhi
Calendar,com.ashionapp.calendar,09560ea2086e85ddb156c72eb5d77d77,17.2M,Anzhi
微助手,com.auyou.auyouwzs,63d60c976d010bfa3f70f235ec06fe33,43.5M,Anzhi
微营销,com.auyou.baike,6605e8c24d63c3b077e44c3aa2006bae,87.0M,Anzhi
百度极速版,com.baidu.searchbox.lite,dfa7cd6c8c518c228a552f7e5fc459f9,36.5M,Anzhi
看多多,com.baidu.searchbox.mission,81a4d912ee0cd2da321670387bb89b83,60.0M,Anzhi
快牛极速版,com.banbian.kuainiu.light,9c422c8b437a51b7d334c41b1cbf2be5,7.1M,Anzhi
口袋测测,com.bbcyxh.taluo,1f4c3921de19cd2390c315fac2d88c5f,35.9M,Anzhi
笔趣搜书,com.bgq.novelread,dc328e6202f22eb3376972c1808592f7,10.3M,Anzhi
笔下趣阁,com.biqugebendi.ebook.app,974be4cf6b6fba9874fe0f2040890931,8.6M,Anzhi
黄历天气,com.calendar.UI,8bc3aabb04bdb69eeb3f95f4e6a380d8,32.0M,Anzhi
惠头条,com.cashtoutiao,40e756fa88e06dd488e49ca1994818cb,59.2M,Anzhi
第一财经杂志,com.cbnweekly,759e4f0b8b602d935a9d3996c21c0f50,24.8M,Anzhi
好享购物,com.chinasoft.mall,0599f35f0ad19c29907886a14baddd6f,40.2M,Anzhi
小康杂志,com.chinaxiaokang,1f88dd04df33d469da75464a7af9d19b,3.3M,Anzhi
成语红包总群,com.chuangao.idioms,6b399178e0ff02197e17953dc1add687,16.3M,Anzhi
知网文化,com.cnki.view,e4430295f46f88122923672a571c9de5,59.9M,Anzhi
星宏慧眼,com.cnnho.horizon,be80ddaa7a7b75ba9c8121f4a32f209c,25.9M,Anzhi
飒漫画,com.comic.isaman,a203df45d03e028db5711d02850823f3,61.7M,Anzhi
淘新闻,com.coohua.xinwenzhuan,afb6803f8a3c10dc68357b01d1335018,20.0M,Anzhi
点来点去,com.cs.showdoc,af25dbd25c563950af867a27731279a1,21.8M,Anzhi
点来点去,com.cs.showdot,6a041f8b901cf0186a4a0daee4c1c07c,18.3M,Anzhi
哒哒天气闹钟,com.dadawh.alarm,1c7abe3beddde6a61f328b4b66ce3fc3,25.9M,Anzhi
袋鼠生活,com.daishushenghuoflw,5f51f0dad7450027e12b839e703ddc5e,24.1M,Anzhi
优惠券,com.ddyhq.youhuiquan,e9f79e5c60c41d833f91437402a4a0aa,13.3M,Anzhi
今今乐道,com.dggroup.toptoday,cd6017de898effb1e3f8ad5482ce7a07,34.3M,Anzhi
大众点评,com.dianping.v1,fa016e39a1952adb5319e8fe65c2cac8,85.3M,Anzhi
顶点小说,com.dingdianxiaoshuo.ebook.app,a59dcafc35ba5a90ec18f38eb91bf615,11.0M,Anzhi
赏呗兼职,com.dingyi.shangbei,e847f386892041aac92aab8b5ac040b6,16.1M,Anzhi
贝淘淘,com.dotbox.bailey,519961d48f02c68989e508fd0207a125,24.5M,Anzhi
百万题王,com.dquestion.yami,5b5fdc6627df77f41ab7672daf790ed7,28.5M,Anzhi
番茄免费小说,com.dragon.read,d83e1ae900c49ecb767cbd7d01db09ff,26.5M,Anzhi
同城红包群,com.dreamtd.redspeed,e8377c324ae020b70ee238f4a1440850,20.2M,Anzhi
get,com.dunkhome.dunkshoe,64f07ea498a29b2d2647da95507de94d,23.1M,Anzhi
多多团长,com.duoduo.tuanzhang,93621efe7c6b82852817d174b47dbd40,14.5M,Anzhi
笔趣阁,com.duofanyd.xinkeji,ad5a667ac31e847eec321f3997ca9216,15.0M,Anzhi
财经股票头条,com.eastmoney.android.tokyo,7d8d33d9a8d12d9c26d52ed32e0fdce9,92.0M,Anzhi
支付宝,com.eg.android.AlipayGphone,bd626562e5ce0318b5a9f96054824ce2,115.6M,Anzhi
拼购优惠券,com.example.a2018.sjke,d7fd305067cce942c7b27aefe0902277,8.6M,Anzhi
省钱特价淘,com.example.a2018.sooquan,9bb40dc92d57d66bf2ce6a375669c017,7.0M,Anzhi
网淘省钱购,com.example.a2018.yang,9a202201c5c807bbf7ecb485ec1be19c,6.7M,Anzhi
雨果网,com.example.cifnews,c56f1e97cd29866b0e695577e9b38658,50.1M,Anzhi
返利喵,com.fanliddzs,d0d4b4feb310ddee3a89b0dd52099527,77.3M,Anzhi
返利特价版,com.fanlitejiaban,9360fcd52ab5ad0249d6bed38c7a6629,77.5M,Anzhi
财经头条,com.feheadline.news,806692654e3002e69bf9c8282a326e8b,29.8M,Anzhi
养生老黄历,com.felink.chinese_calendar,0d458572f69d385c5f76863d2968b997,24.2M,Anzhi
拜财神,com.fengling.hongbao.wx,6d9641531c0d45cc3b17297d00003e8e,36.9M,Anzhi
淘返利,com.fnuo.bc,535e716981622e34dabc3d4c8f7071ac,12.8M,Anzhi
天气预报,com.goodtech.tq,7cea0f90bdae68d523aba1da10c3e32c,13.4M,Anzhi
口袋猜成语,com.guzhen.idiom.pocket.a002,2ca6ed32eeac058ba4086481b6cc93e0,29.3M,Anzhi
船旺船东,com.gxzeus.smartlogistics.carrier,13d76a1735284d779ea0c02a4057d0da,14.2M,Anzhi
周易算命,com.hesh.five,19e8ef78860605d15b15083665959fe1,17.5M,Anzhi
多锐,com.hnjc.dl,0940c27ef68b6c694b81169403b06d15,40.9M,Anzhi
淘优购,com.hntyg.taoyougou,403394c75fea8b1bfbef81a579d8d8c8,80.9M,Anzhi
运动赚钱,com.huiydzq.app,af5855a537711a37c1561269f6adcccc,25.7M,Anzhi
月来越好,com.huofar.ylyh,824ef089e31bd26a9335c2a360b579bb,7.7M,Anzhi
红包资讯,com.idealread.center,96f8d55a79a79920ca35f6cbfb46b525,27.4M,Anzhi
爱健康,com.inspur.lovehealthy,2407d82cab7e3bb5f4f2a5c1d37b1197,38.6M,Anzhi
京东极速版,com.jd.jdlite,09fcc6810b2544dba9b127c6405a310c,32.6M,Anzhi
京喜,com.jd.pingou,318ca06dcb30334d8f6de217cf3a4e3f,60.3M,Anzhi
趣头条,com.jifen.qukan,ff7de741a15a00c324bc54191e9e060a,28.6M,Anzhi
趣头条小视频版,com.jifen.seafood,d71d453637a2dbadc4de2ec3cf1bea68,7.8M,Anzhi
京东,com.jingdong.app.mall,2daae0537e23766d799ea3812beaf005,132.4M,Anzhi
卷皮折扣-天天特价,com.juanpi.ui,7e2b418e7315162d75d3cd6e3d40e8c2,22.1M,Anzhi
酷返,com.julicc,4262ea47da3a67c7d6cec89246029f73,22.3M,Anzhi
摩天轮票务,com.juqitech.niumowang,57fb3763c21485d1f39afc8cc08c9476,50.2M,Anzhi
省钱快报,com.jzyd.coupon,d2bab18ffad8ea569d4524241fbecd78,50.4M,Anzhi
客汇宝,com.kehui.official.kehuibao,7ac657707a808425938fc8c9c528ede1,27.6M,Anzhi
快看小说,com.kuaikanxiaoshuo.ebook.app,0800a668e6271973b84baf730dde351c,12.6M,Anzhi
快手极速版,com.kuaishou.nebula,92c167cbf60c7c510597cc1d6df60822,102.5M,Anzhi
DJ秀,com.kuaiyuhudong.djshow,dee94602404f060203b08be1484697ac,83.7M,Anzhi
花月鲜花,com.kun.flower,01d007ea66062921224db96e12eb560f,7.0M,Anzhi
步行多多赚钱,com.lexingzou.app,44d8857c4b831b8668a0c187f77661e3,36.0M,Anzhi
乐走计步赚钱,com.lezou51.app,a13aea054ae02d9046532f02e33b6459,25.7M,Anzhi
红包助手,com.lingfeng.hongbaotools,893f56dd57f85b7faa061e826bd71799,24.2M,Anzhi
鲁大师,com.ludashi.benchmark,45c62b93db9d49da3ea887c3595fa5f0,29.5M,Anzhi
慢慢买,com.manmanbuy.bijia,c7952809792bdfb1af5afad1c25c6e52,40.3M,Anzhi
步步宝,com.meituo.bububao,1ba98b3a220c2356a622d6fe70f6d732,18.5M,Anzhi
羊毛省钱,com.meiyou.sheep,b1882899371eb732ab4675f8a3abb8a6,49.5M,Anzhi
柚子街,com.meiyou.youzijie,8f26d1c62f54a820a1ad62805911c8a1,40.2M,Anzhi
红包每天抢,com.mw.redpack,9f1aff6f63f7cb589ad922baf479d4b9,12.7M,Anzhi
ZAKER新闻,com.myzaker.ZAKER_Phone,b349fe7a3dcbc02701c0f4e74ece84ef,41.1M,Anzhi
保护伞短视频,com.nado.umbrellashortvideo,5e205ec7669b92b8b173ccfd84b869ac,99.1M,Anzhi
网易蜗牛读书,com.netease.snailread,973ff6da4848721c3568fc1068daeac6,36.6M,Anzhi
点点新闻极速版,com.news.zxzdiandian,617ac7b578ded9ddd3706d42f59d90b5,9.1M,Anzhi
购火火,com.niuzanzan,496a11a7a07d8e253962ab98afbece3e,118.9M,Anzhi
口袋冲印,com.okmyapp.photoprint,5937abd72500b597874fc472f075511d,25.0M,Anzhi
万年历,com.orangestudio.calendar,2697589369ffb78bfa3fa6e56f638eb8,6.4M,Anzhi
书童中状元,com.osq.game.chengyu,f472693b84a4efda4d5f7d31adb41f09,58.6M,Anzhi
省哇,com.p405958547.ifw,0632c68de7eab8fda7554f9714881a27,32.8M,Anzhi
走路赚钱,com.paobuzq.app,e45295f9d8dc61af180c44768cdf42c1,27.4M,Anzhi
泡美丽,com.paomeili.jiumei,f5e1d1a3968fc5b451c2d1faec0d4b71,18.2M,Anzhi
票神,com.piaoshen.ticket,55849ac8df83442e3f3d777d3e879392,17.1M,Anzhi
番茄Todo,com.plan.kot32.tomatotime,fe5bf0c3b16060dae086d63f5d8ce49e,35.9M,Anzhi
答题超人,com.planapps.wenda,b65e1decf13b2c373830e51d88becc21,10.2M,Anzhi
答题中状元,com.qa.champion,a4a6cb194c973b10603e9312ebff4d1e,60.3M,Anzhi
答题百万富翁,com.qa.millionnaire,10edc0ed886c3f2a3bf88b38799bc345,56.7M,Anzhi
集金期货通,com.qh18.futures,85e48d501b95afa46cfd5518f88ee06e,53.9M,Anzhi
有赞精选,com.qima.mars,d75438b6c9938d4ecd20e32ac502f691,32.3M,Anzhi
嘉起名取名,com.qiming.babyname,5d17aa4fe9dc4134ae99fb8e9eee1b8c,22.1M,Anzhi
券后买优惠卷,com.quanhoumai,4b9c2419331980ce513dff6fb4099bdc,41.5M,Anzhi
夸克,com.quark.browser,ff29281f77af437603bc9d944257ac38,75.6M,Anzhi
走路赚钱,com.quzhuan.app,6153410cb46cbd9822ccb2dc39baad64,35.7M,Anzhi
趣赚商城,com.quzhuan.shop,d69393bf27fc809592f4ec8193fa8012,31.7M,Anzhi
Meituan,com.sankuai.meituan,5f1636105441fa87bfd13ec6de21699c,78.2M,Anzhi
美团外卖,com.sankuai.meituan.takeoutnew,59af8720f3c8b639197bfc25e4c4c890,62.0M,Anzhi
省钱,com.shengqian.sq,892ecba5abaf82008a2dff2aec4775ed,11.6M,Anzhi
点晴阅读,com.shengsheng.dianqing,17225a6cf332275b50fe9ec8c810b602,26.8M,Anzhi
嗨走旅行,com.shenzhen.highzou,9544bbb3893c6ea2ed481859ea3931ad,31.7M,Anzhi
看看优惠券,com.silence795.kankan,4d7c43488e396ee275ca8cd9dd8f84bb,6.7M,Anzhi
抖音极速版,com.ss.android.ugc.aweme.lite,8484fd9686731db1081e07fc937a3514,62.3M,Anzhi
街声,com.streetvoice.streetvoice.cn,959cf7dbd2afcee0bfa4daa18be26845,34.6M,Anzhi
财神养成记,com.szlzy.csycj,dae201aaffcc5e4b872c95e7bac2afce,50.6M,Anzhi
一淘,com.taobao.etao,b17b91b5641e0cb67f14612892d0ba45,58.9M,Anzhi
喵街,com.taobao.shoppingstreets,532f12466409cc6a9ec55be8251713ea,61.7M,Anzhi
淘宝,com.taobao.taobao,56a128fe4aae083791d171d3f8c2b988,107.6M,Anzhi
勘客,com.taojinro.app.sz,8b50cdfcf0d547aa1432ef0f9924ba2a,3.7M,Anzhi
惠街,com.taoyouhui.tyh,2e565d56852f1ecc6f9403e091b0104c,66.0M,Anzhi
猫爪视频,com.tiangua.tg,7b54ffbbdb315da5abb1dc8741cf9e76,17.9M,Anzhi
邮乐网,com.tom.ule.ui,27727f4c2bc59b1e29b6070eabe2b213,97.0M,Anzhi
自动抢红包,com.tyzhzxl.zdqhongbao,a2f2d097c8b384526f28ca693690d65b,16.8M,Anzhi
来伊份,com.umaman.laiyifen,671bb295977f178d650e22a3cc945d03,112.8M,Anzhi
折疯了海淘,com.vanwell.module.zhefengle.app,c1523f688714517ed4596fa8d12dee34,69.6M,Anzhi
海淘免税店,com.vanwell.module.zhefenglepink.app,318a65ad83f47d5b3a4e70cab8323b64,69.6M,Anzhi
穿搭有范,com.vcoffee.xwf,583f6e06a4c42248c95515df93906b3a,38.0M,Anzhi
Vista看天下,com.vistastory.news,2440beaf71d9e915f44320f4a90a068b,39.7M,Anzhi
未莱汇,com.w969075126.wsv,7aef568a69965b4e544dfd852a694cbf,32.2M,Anzhi
网购联盟,com.wglianmeng,1aad9d8ba93c47064639c75e38c4f025,77.0M,Anzhi
盲盒星球,com.willapps.manghe,5102f90b1080943f0c3d4544c180a2bc,32.3M,Anzhi
易券,com.wlyh100.feq,306c00274958bcb592d8c6c39c454b2f,29.7M,Anzhi
我秀娱乐直播,com.wole56.ishow,c2fe0b8fe39f17d1097a01943e0ff4a1,49.9M,Anzhi
全民省钱购,com.xiaomi.o2o,be133969ab62f41d3c6c9ec501d75063,16.0M,Anzhi
好省,com.xiaoshijie.sqb,70ac085064c9774bb34b46f2f16c9a2c,58.0M,Anzhi
小红书,com.xingin.xhs,e5f3c1e0d04f3dd2245e5a833402d445,152M,Anzhi
抢货,com.xinzhuzhang.qianghuo,7bb03442c661ddb406fd2e80b228540e,13.7M,Anzhi
运满满货主,com.xiwei.logistics.consignor,e3e20ce4c83f8a636ac682dfb94c18e1,166.9M,Anzhi
漫客栈HD,com.xmtj.mkzhd,693ecd683f33396d74edfd1422f11c8e,15.7M,Anzhi
防刷刷,com.xuanyouwang.commentanalyzer,81accb14376e4f0f7598302ac535728b,63.9M,Anzhi
拼多多,com.xunmeng.pinduoduo,8ac4a1782117c6ccd04301c9fe9a4b6c,35.1M,Anzhi
多多抢红包,com.xzh.qhbsq,5f503264e6848022bbe92bdcd771983a,2.3M,Anzhi
妈妈帮,com.yaya.mmbang,dec4126ef7d1019fea58baea9f96d0aa,50.2M,Anzhi
猴好玩,com.yd.mg,b4d7cc83f9d4cde554a46bf15742bde6,21.1M,Anzhi
拉风省钱,com.yhq.sq,9de402cee540c583dc2501660e0895c1,26.6M,Anzhi
一本漫画,com.yiben.comic,2f717599ba7b2b1d10802c7edd75e421,19.7M,Anzhi
点点新闻,com.yingliang.clicknews,e12ccf75258c679bd7825cfb4d1b7fd3,22.2M,Anzhi
一折特卖,com.yizhe_temai,37b6625824c7c60cda752dc9e7974008,30.4M,Anzhi
洋码头,com.ymatou.shop,6ae1f51ec6553647d9229c6973befc76,90.7M,Anzhi
赚钱了,com.youchen.mh,f5ef047265c30508d12c0529b8015018,15.8M,Anzhi
巨打折,com.youjiarui.discount_android,10e12a7083173c0a1b388a0058b2316a,12.3M,Anzhi
万年历,com.youloft.calendar,7ab71af6ff1d8b281c654fac86a1a857,54.3M,Anzhi
随心赚,com.young.survey,903fb14c8bea5e9ae47dda840d549e1e,15.9M,Anzhi
大吉日历,com.youyan.jili,e760ebc539a0f21d5fabf8944088b82d,14.3M,Anzhi
走路宝,com.yqx.zlb,feb8833d3f4ffd1b36a64476071e8ca0,20.4M,Anzhi
悦动浏览器,com.yuedong.browser,792ccf985d94db390936f332aea55fc8,0.4M,Anzhi
悦动圈,com.yuedong.sport,ec699dbb111d1c63e6e1d5fa24a1eb1a,236.5M,Anzhi
乐唰,com.yzl.wangzhuan,71cfdd9c3c019f3bf0147e2043737acb,34.4M,Anzhi
折上折,com.zheszhe,496ab16f31b2a4cbeea170b31f70ecd0,47.4M,Anzhi
包包小说,com.zhnovel.bqgmfxs,6808eda5de065e0892fe08670598d700,12.2M,Anzhi
看看视频,com.zhnovel.kkfilms,5cf83d40659998b1f581b8011333f09f,20.9M,Anzhi
众品券,com.zhongpinquan.qzt,8432f5ba04bea19178d4233de183df35,55.5M,Anzhi
微句,com.zhongshengnetwork.rightbe,4606288dcb1c81dcd4e0df04c7ea6e4a,13.6M,Anzhi
走路赚钱,com.zouluzq.app,44709f524dc0dc4f28383d8d7deb842f,35.7M,Anzhi
赚金街,com.zuanjinjiefl,e290f7975fcbd0d75ff4fdc3c1e48a89,83.7M,Anzhi
作文吧,com.zuowenba.app,408c89a07f07d5389bff8ca189bb3dec,24.9M,Anzhi
回手掏,mc.entcen.com,98b182ed6f8784bbd390b7b80f23cdf9,24.5M,Anzhi
伊对,me.yidui,7ea47367ab64d192ec50df54feb30f21,56.1M,Anzhi
星座运势,net.joydao.star,de08774c7359f6b1af7005d9144cee06,11.5M,Anzhi
推广者,popularize.android.ys.com.code,e6dd3ad1f9c9f2a28829a46134cce56c,14.1M,Anzhi
吉历万年历,predictor.calendar,cfdd568485aa56f650ea3866859d0a83,88.8M,Anzhi
皮皮蟹,sg.bigo.shrimp,b7f56aecec9aa838fd41e6477ade615d,38.7M,Anzhi
Hong Bao Prosperity Catcher,com.appybuilder.sean_tants.ProsperityCatcher,1f24b277b80253468ba56fb50deb863a,5.3M,Google
百度,com.baidu.searchbox,c74ee002b83dfd593aceeff50e9b3b3a,129.6M,Google
RedPacket Assistant,com.eden.wechatredpacket,676a8b2bb721ff3d59b16e4043ec7065,4.0M,Google
支付宝,com.eg.android.AlipayGphone,19dd1cffb3c7472161bdf1f4067d452c,97.0M,Google
购物党,com.gwdang.app,4bda495e2626143e508d0b182be2a05f,51.8M,Google
红包助手,com.hc.redpackagehelper,,5.7M,Google
抢红包神器(微信),com.helper.redpacket.wechat,926857a1b25497dd0d19f232abfd5b02,4.1M,Google
黄豆计划,com.hongbao.huangdou,fdee3eec66c1ef04dbb45a5c82e71614,12.6M,Google
HungryPanda,com.hungrypanda.waimai,c6e1ecf7cc3bc4ac1e86a7161a94cfd1,119.1M,Google
京东,com.jingdong.app.mall,74c564b14a2413b16e5ad6661afa0825,90.8M,Google
微信红包助手,com.liangzai.luckyMoney1,4b57a862742732d174da74163f19c6c8,2.1M,Google
红包助手,com.lingfeng.hongbaotools,59163c0d71b0d0564068b635506daead,19.5M,Google
真人欢乐斗地主,com.mas.wawagame.cclord2ggbb,c6613fec27c14d6e5b68086229110034,64.1M,Google
GoldUp,com.miraclemobile.goldup,3bbce18d4e2a7067b9af780011ec3d0f,41.3M,Google
微信抢红包,com.qianchao.myapplication,47c586c7e826497c6c76463ff8f2e9d2,1.6M,Google
赚钱达人,com.qz.zqdr,0d28e3fe29bb87a9f6b670693b13c95e,25.0M,Google
红包来啦,com.rufus.notificationplayground,296d125d08e7fcff6f95b5599f174c2f,3.2M,Google
闲鱼,com.taobao.idlefish,541b7fb1467d430435be4bb6e81f6514,95.0M,Google
淘特,com.taobao.litetao,e6b9b32e50a2280647f372589d6d2774,54.9M,Google
淘宝,com.taobao.taobao,ccd3fb6c917f9228f8906832e22f62e6,151.0M,Google
飞猪旅行,com.taobao.trip,100a7d5f6b1628fa42a765747a17173f,102.8M,Google
微信听书,com.tencent.wehear,adaf4bd735af742ec5ab4445675abc83,96.9M,Google
真人斗地主2,com.wawagroup.ddz.google,8f733506444c70bbb3ed316a2abfac4a,69.2M,Google
小红书,com.xingin.xhs,9ebcf1e180630f3afb2097ccda18f119,128.1M,Google
拼多多,com.xunmeng.pinduoduo,1ce32604a6ff7f5711d66a50dade5b51,27.6M,Google
Red Envelope,com.zedsoftwares.redenvelope,627e85c882974267ff57c848e947fe35,1.0M,Google
红包猎手,com.zhaofliu.wechathelper,98e1b45a8311fcdc93211f68dda74ad0,1.4M,Google
携程旅行,ctrip.android.view,c1ddfd764ca8be80665ed7bc0a07844d,82.4M,Google
小说大全,dmw.xsdq.app,8533eb3c1e72955304dd992c92da533f,15.9M,Google
Red Envelope,life.myre.re,767de0dfb1a431c92e445b92b4de8765,7.0M,Google
智能领,ltd.android.redenvelopes,ce910a781d55ff5166f3d84f2ac6fe83,4.0M,Google
,,,,
Total,,406 (415),,
